name,email
Denyse Pattenden,dpattenden0@mapy.cz
Gery Heyward,gheyward1@php.net
Lisetta Rolf,lrolf2@tinypic.com
Yul De Blasiis,yde3@apache.org
Mickey Penzer,mpenzer4@boston.com
Bentlee Hallows,bhallows5@redcross.org
Sharyl Willshire,swillshire6@buzzfeed.com
Hyacinth Marklin,hmarklin7@gravatar.com
Valaria Dewis,vdewis8@canalblog.com
Jane Whelpdale,jwhelpdale9@spotify.com
Ardelle Simpkiss,asimpkissa@foxnews.com
Mozelle Broune,mbrouneb@scientificamerican.com
Valentino Wilkins,vwilkinsc@wsj.com
Reuben Ambroisin,rambroisind@cnet.com
Cassandre Albarez,calbareze@vistaprint.com
Woodrow Rumney,wrumneyf@amazon.co.uk
Celia Lanmeid,clanmeidg@dmoz.org
Salmon Iacomini,siacominih@nasa.gov
Jo Stollard,jstollardi@yellowpages.com
Dolly Paule,dpaulej@bbb.org
Dolley Habbershon,dhabbershonk@skyrock.com
Abie Zammitt,azammittl@mysql.com
Eugene Franciskiewicz,efranciskiewiczm@dropbox.com
Eustace Brownill,ebrownilln@imgur.com
Miranda Ashleigh,mashleigho@tuttocitta.it
Dosi Bouttell,dbouttellp@comsenz.com
Bambi Jerratsch,bjerratschq@sun.com
Haze McKinnon,hmckinnonr@berkeley.edu
Lianne Menear,lmenears@bandcamp.com
Sibyl Laible,slaiblet@mtv.com
